36氪,0,0,2248172857_1,直播带货终究要回归电商,http://mp.weixin.qq.com/s?__biz=MzI2NDk5NzA0Mw==&mid=2248172857&idx=1&sn=4fbe4e31e41f98e73c9826199b4cbf34&chksm=e950d4e5de275df3b4f4d8b5791666a5dee6bcb7968699a5d4ca105f9b4710c5ab5c99031181#rd,1668255079,1668259800
36氪,1,0,2248172857_2,从《穷富爸爸》到大冰、郭敬明，鸡汤畅销书是怎么影响我们的？,http://mp.weixin.qq.com/s?__biz=MzI2NDk5NzA0Mw==&mid=2248172857&idx=2&sn=71c453abad7832ed0da8a38399c6faa1&chksm=e950d4e5de275df3061c1617d7acdf985eef2c89e3693606c3bd897f8cf1be17f193b56cfdc4#rd,1668255079,1668259800
36氪,2,0,2248172851_1,投资行业的水下之秘｜深氪,http://mp.weixin.qq.com/s?__biz=MzI2NDk5NzA0Mw==&mid=2248172851&idx=1&sn=938d53da68fa77015e253b92704dd549&chksm=e950d4efde275df9611f0210bc456d9f93e851a917ae76e48a6a16a8e98c3e987a57944d4685#rd,1668251242,1668304800
36氪,3,0,2248172851_2,纸箱换蛋、氢能运输…当双11聚焦低碳｜焦点分析,http://mp.weixin.qq.com/s?__biz=MzI2NDk5NzA0Mw==&mid=2248172851&idx=2&sn=f57a7b1d2ebed757e4e6caaec29557f0&chksm=e950d4efde275df94cfe3f2e6f2dfe80b998f6a67802c7760bf8c65d993dfc1bbe9506dc7b10#rd,1668251242,1668304800
36氪,4,0,2248172851_3,白白胖胖，充满希望｜萌宠寻人启事,http://mp.weixin.qq.com/s?__biz=MzI2NDk5NzA0Mw==&mid=2248172851&idx=3&sn=39b93ebf95ac983bf1446fecf62caa4e&chksm=e950d4efde275df94ea59589cf3921d1750508ed102b70c3f92c4118d5bb003cc269cb34c23e#rd,1668251242,1668304800
36氪,5,0,2248172832_1,还有好做的生意吗？在GMV消失的双11沙里淘金｜特别策划,http://mp.weixin.qq.com/s?__biz=MzI2NDk5NzA0Mw==&mid=2248172832&idx=1&sn=f684254cad34de2f62705b6b74d11848&chksm=e950d4fcde275deaa2a8c5c43d17bea1e20cc884bd2c4cefe5fcd65bd12dac348ed6b9767e13#rd,1668243445,1668243600
36氪,6,0,2248172832_2,WISE2022 新经济之王｜嘉宾阵容 持续揭晓,http://mp.weixin.qq.com/s?__biz=MzI2NDk5NzA0Mw==&mid=2248172832&idx=2&sn=83b1b33fc91a49a7fff641ade74bdc8d&chksm=e950d4fcde275dea93e7b2953bb3e334621bd7913d12557d173a8e172113a892d7735ea322b2#rd,1668243445,1668243600
36氪,7,0,2248172295_1,9点1氪：入境航班熔断机制取消；原版微博近期将下线；微信辟谣支持撤回5分钟内消息,http://mp.weixin.qq.com/s?__biz=MzI2NDk5NzA0Mw==&mid=2248172295&idx=1&sn=11cf5849898472ee5c7620145d5cb39f&chksm=e950d2dbde275bcdd34fe5ac3cbb9c92c974ac04c62679be488166464d946a023f686371f5b9#rd,1668174808,1668215700
36氪,8,0,2248172295_2,职场吵架真相：超半数年轻人正面硬刚，00后不敢「整顿职场」,http://mp.weixin.qq.com/s?__biz=MzI2NDk5NzA0Mw==&mid=2248172295&idx=2&sn=9fe4737442d3bf877105999857a99d4d&chksm=e950d2dbde275bcde489c1acd7c54d5f10473b8427c0b52ae7e672328fa263799bca4fc4b636#rd,1668174808,1668215700
36氪,9,0,2248172295_3,AR公司「Dream Glass」完成数千万元Pre-A轮战略融资，映宇宙领投｜早起看早期,http://mp.weixin.qq.com/s?__biz=MzI2NDk5NzA0Mw==&mid=2248172295&idx=3&sn=30a3790982753f442c09ab4bfd14bf7b&chksm=e950d2dbde275bcda8309a1204467d06b8bcb217e0effd01e40a6f1e4f8c60cc91c8e2175c5b#rd,1668174808,1668215700
36氪,10,0,2248172294_1,天猫双11，爆款制造机，如何持续「造新」？,http://mp.weixin.qq.com/s?__biz=MzI2NDk5NzA0Mw==&mid=2248172294&idx=1&sn=39aeb7b74bfa30e6eb47284e640a976e&chksm=e950d2dade275bccbefdeda06fe04613898b9d781d7fd9c67d6996c3b1bb78c6582761ce4633#rd,1668172569,1668173400
36氪,11,0,2248172294_2,数字化韧性，如何化解专精特新企业成长的烦恼？,http://mp.weixin.qq.com/s?__biz=MzI2NDk5NzA0Mw==&mid=2248172294&idx=2&sn=57f4cd3eb1cd62fb10537b206a578e6d&chksm=e950d2dade275bccb2b8cfee26ef03690ebd47c9632e03c1e3db7ee2755bf48e2ccd1cf3e705#rd,1668172569,1668173400
36氪,12,0,2248172294_3,淘金海外游戏生意经：陪玩赚钱两不误,http://mp.weixin.qq.com/s?__biz=MzI2NDk5NzA0Mw==&mid=2248172294&idx=3&sn=2df6ee4842c83df4e1d224e3f6c28c18&chksm=e950d2dade275bcc01c29e8e97deab4509b1fddfe84e36e06af13d35706bf3cc007dd02a73c8#rd,1668172569,1668173400
36氪,13,0,2248172294_4,腾讯云副总裁顾伟：数字化共识在跨企业协同，建筑产业互联网进入深水区｜36氪专访,http://mp.weixin.qq.com/s?__biz=MzI2NDk5NzA0Mw==&mid=2248172294&idx=4&sn=0db81031d6ad18a5e025f93b8790010a&chksm=e950d2dade275bcca5274bb813dac9adda870ce0205924a7e4fe7d43bcd59b6af18cf20a3c99#rd,1668172569,1668173400
36氪,14,1,2248171702_1,户外羽绒服行业的门槛，又被波司登的「舒适户外」抬高了,http://mp.weixin.qq.com/s?__biz=MzI2NDk5NzA0Mw==&mid=2248171702&idx=1&sn=9d162d3a5180331fb50521dbd644a873&chksm=e950d16ade27587c4f3bce02e825a5496ee7f0a129c45894041f4d5b6839aea887c1b5150c79#rd,1668155944,1668157200
36氪,15,1,2248171702_2,喜茶在下沉市场的最后一次机会｜焦点分析,http://mp.weixin.qq.com/s?__biz=MzI2NDk5NzA0Mw==&mid=2248171702&idx=2&sn=0064685bc749f101f910f261bbdb60eb&chksm=e950d16ade27587c71d29c5709a3c13255a2bdfbf8bc94d7f776c1521f6c817b056dcc19857c#rd,1668155944,1668157200
36氪,16,1,2248171702_3,廿五正青春，阿迪达斯中国再出发,http://mp.weixin.qq.com/s?__biz=MzI2NDk5NzA0Mw==&mid=2248171702&idx=3&sn=bdab9a19ab30a4cd339aecd2aefa297c&chksm=e950d16ade27587c44a48cbf2a16884665c7defe4ca2d110c2d853399dc507b978966641657e#rd,1668155944,1668157200
36氪,17,1,2248171702_4,XTransfer发布《2022年前三季度中小微企业出口贸易（B2B）指数报告》丨最前线,http://mp.weixin.qq.com/s?__biz=MzI2NDk5NzA0Mw==&mid=2248171702&idx=4&sn=804c125fbe41adc16b61f1b991504cad&chksm=e950d16ade27587c8848e91eda2f5fa18b71e5541ff759a6da48208544e0f5b2e1f7c28513cb#rd,1668155944,1668157200
36氪,18,1,2248171228_1,8点1氪：苹果默认不再接受隔空投送；扎克伯格就万人被裁视频致歉；波司登旗舰店被曝先提价再打折,http://mp.weixin.qq.com/s?__biz=MzI2NDk5NzA0Mw==&mid=2248171228&idx=1&sn=6bb51895ad6b7e4070a25085e7ec9093&chksm=e950ef00de27661666b5d83688b91dec438f2e1585447745b234e4b9ed41c81993da55873d99#rd,1668126928,1668126927
36氪,19,1,2248171228_2,用硬核方式打开S12名场面,http://mp.weixin.qq.com/s?__biz=MzI2NDk5NzA0Mw==&mid=2248171228&idx=2&sn=7b65fcd62c06c67c8c7b287badb6079d&chksm=e950ef00de276616c26ebcfe786f231ce60e799889aaf95997d2b7f42f17ecffb95bff7d849a#rd,1668126928,1668126927
36氪,20,1,2248171228_3,苹果的「备胎」游戏？富士康事件让果链更焦虑了｜氪金 · 大事件,http://mp.weixin.qq.com/s?__biz=MzI2NDk5NzA0Mw==&mid=2248171228&idx=3&sn=7e2d4692aa6450d367355176abd2fd69&chksm=e950ef00de2766164e93eb3f9938937d7c2ea58445b8ebe2740536fb71f16ff1c19bd8af3994#rd,1668126928,1668126927
36氪,21,1,2248171228_4,费控SaaS服务商「喜报销」获数千万级A轮融资，探索下一代企业支出管理新模式｜早起看早期,http://mp.weixin.qq.com/s?__biz=MzI2NDk5NzA0Mw==&mid=2248171228&idx=4&sn=32a1b1833cc8a404aecbca87c6e08e14&chksm=e950ef00de276616a75b24ebaa289347798b43d2eea27177d6ac80d073099265c7eead128846#rd,1668126928,1668126927
36氪,22,1,2248171228_5,斥巨资买了一个「画框」之后，我的朋友们都震惊了,http://mp.weixin.qq.com/s?__biz=MzI2NDk5NzA0Mw==&mid=2248171228&idx=5&sn=3e3f396ab24b37dd94ead85790b64edf&chksm=e950ef00de276616bd0461d5624fb7b31deb3505f2ec728760eeba1c8ea74a1114ea128571c6#rd,1668126928,1668126927
36氪,23,1,2248171214_1,8点1氪：苹果默认不再接受隔空投送；扎克伯格就万人被裁视频致歉；马斯克欲在推特上线余额宝功能,http://mp.weixin.qq.com/s?__biz=MzI2NDk5NzA0Mw==&mid=2248171214&idx=1&sn=7289aab3e0383756f5403c0b9390488f&chksm=e950ef12de2766047847b3be648fc1fafeea85ebfaf6d68ba0453a79005b96e1dda394575a39#rd,1668125840,1668125840
36氪,24,1,2248171214_2,用硬核方式打开S12名场面,http://mp.weixin.qq.com/s?__biz=MzI2NDk5NzA0Mw==&mid=2248171214&idx=2&sn=f830d9b54f924019e50f2e21247f86a9&chksm=e950ef12de2766043bba20521e8281a9da5d7cbfa5af862f47b082796a01e2e658cd96c6e72c#rd,1668125840,1668125840
36氪,25,1,2248171214_3,苹果的「备胎」游戏？富士康事件让果链更焦虑了｜氪金 · 大事件,http://mp.weixin.qq.com/s?__biz=MzI2NDk5NzA0Mw==&mid=2248171214&idx=3&sn=78dcdc20ed149e9f232ae18491f4e006&chksm=e950ef12de2766041caf8c464fb0e84f67444147a400a3b6e146d4f365bdcaec6bf576a41a52#rd,1668125840,1668125840
36氪,26,1,2248171214_4,费控SaaS服务商「喜报销」获数千万级A轮融资，探索下一代企业支出管理新模式｜早起看早期,http://mp.weixin.qq.com/s?__biz=MzI2NDk5NzA0Mw==&mid=2248171214&idx=4&sn=ae4eff2ca603991214d5cc801b01b2c1&chksm=e950ef12de2766048c87ed64f0987657ebdcad9e9c08ae59fec86d454c138364a21e7f1fd663#rd,1668125840,1668125840
36氪,27,1,2248171214_5,斥巨资买了一个「画框」之后，我的朋友们都震惊了,http://mp.weixin.qq.com/s?__biz=MzI2NDk5NzA0Mw==&mid=2248171214&idx=5&sn=84c980fd12dd5a0566b539e7d28aa0ed&chksm=e950ef12de276604ed122691eae2c584056a0da6b5dfdc70ebaea8a4f1feb167e1889421716e#rd,1668125840,1668125840
36氪,28,1,2248171208_1,8点1氪：苹果默认不再接受隔空投送；扎克伯格就万人被裁视频致歉；马斯克欲在推特上线余额宝功能,http://mp.weixin.qq.com/s?__biz=MzI2NDk5NzA0Mw==&mid=2248171208&idx=1&sn=249acd4d172e8b081bc1eb1332fd4b8a&chksm=e950ef14de276602a5d185f2f9a654e3ee740bdcd7e4b2c2fc9199815bb094c3bf223b620b47#rd,1668125399,1668125700
36氪,29,1,2248171208_2,用硬核方式打开S12名场面,http://mp.weixin.qq.com/s?__biz=MzI2NDk5NzA0Mw==&mid=2248171208&idx=2&sn=864618aa42c548a3f37f4b8cebede745&chksm=e950ef14de276602f32f64fbb8612272d917f95dbe81092e72e667571decced14c1f8bf19e4a#rd,1668125399,1668125700
36氪,30,1,2248171208_3,苹果的「备胎」游戏？富士康事件让果链更焦虑了｜氪金 · 大事件,http://mp.weixin.qq.com/s?__biz=MzI2NDk5NzA0Mw==&mid=2248171208&idx=3&sn=31ded30e135350b7dcabd3c22f8ef5ad&chksm=e950ef14de27660203bb47fc5a158d3465c9679b1a2bb3a05cd52eea8bc9113af3e559b2248f#rd,1668125399,1668125700
36氪,31,1,2248171208_4,费控SaaS服务商「喜报销」获数千万级A轮融资，探索下一代企业支出管理新模式｜早起看早期,http://mp.weixin.qq.com/s?__biz=MzI2NDk5NzA0Mw==&mid=2248171208&idx=4&sn=e254595e46bb9974513515c8afffd79f&chksm=e950ef14de2766023ac2ab62b51b3842ba085ac9d439f5022c88986474804279f3e8ae8748ac#rd,1668125399,1668125700
36氪,32,1,2248171208_5,斥巨资买了一个「画框」之后，我的朋友们都震惊了,http://mp.weixin.qq.com/s?__biz=MzI2NDk5NzA0Mw==&mid=2248171208&idx=5&sn=4e6dbd2a5beb35fdac8061de1678c28e&chksm=e950ef14de2766027ad791f0fe4daabf40350f564634c3d0e0fd83440cd2e566f4480a17d70a#rd,1668125399,1668125700
36氪,33,1,2248171161_1,慢增速时代的双十一，品牌如何闯关？,http://mp.weixin.qq.com/s?__biz=MzI2NDk5NzA0Mw==&mid=2248171161&idx=1&sn=1d507c869d11407235e9987b1750cb1c&chksm=e950ef45de27665348f13fb8d23f7d070036aeb6d23ab84590d07e506383c4b299559aca4f07#rd,1668087516,1668087515
36氪,34,1,2248171161_2,「果链」龙头造假？60亿资金出逃，大白马已死｜氪金 · 大事件,http://mp.weixin.qq.com/s?__biz=MzI2NDk5NzA0Mw==&mid=2248171161&idx=2&sn=8d032c8f267e7268dbaf0f8c0dccce25&chksm=e950ef45de276653b7cfe0574a297632925fc47fdc9a7f844a0ff08b7a70a968e2834057ee5c#rd,1668087516,1668087515
36氪,35,1,2248171161_3,当车企决定过「苦日子」：从咖啡限量到末位淘汰,http://mp.weixin.qq.com/s?__biz=MzI2NDk5NzA0Mw==&mid=2248171161&idx=3&sn=5e55927e136b9a56f129af24c961f3ec&chksm=e950ef45de27665320c5ed47681b22e5f4a45fbf9bae0268c235183b83d33ec528cbe7769818#rd,1668087516,1668087515
36氪,36,1,2248171161_4,延迟毕业的年轻人：大厂实习、考公、考研、留学,http://mp.weixin.qq.com/s?__biz=MzI2NDk5NzA0Mw==&mid=2248171161&idx=4&sn=144b7b4e77d66b5d9710d78e66ebac87&chksm=e950ef45de27665306dfc3365d3f728760db54c7212167dfa827b0cc6ae7a7443d1d19f9a490#rd,1668087516,1668087515
36氪,37,1,2248171161_5,双十一突击抄答案，请查收这份好玩的运动潮人攻略！,http://mp.weixin.qq.com/s?__biz=MzI2NDk5NzA0Mw==&mid=2248171161&idx=5&sn=fb6f8bb4274fa3d09c0954aa878e0284&chksm=e950ef45de276653a987d59e0c4dc21873f1456a702fca17f9f2699a78d64063ef761bcc53d2#rd,1668087516,1668087515
36氪,38,2,2248171095_1,10年，16万篇文章， 发现662家公司数字化的秘密｜36氪新风向,http://mp.weixin.qq.com/s?__biz=MzI2NDk5NzA0Mw==&mid=2248171095&idx=1&sn=e863ac4bcbfc2a7447bae1a27421ecd1&chksm=e950ef8bde27669de9cf898bfb8e61b60b3ec1f3ac0cf6704297cd394820e638fdd4a03ebf3f#rd,1668075772,1668075771
36氪,39,2,2248171095_2,2023全球IT支出要增加5.1%，但花钱的逻辑已经变了,http://mp.weixin.qq.com/s?__biz=MzI2NDk5NzA0Mw==&mid=2248171095&idx=2&sn=db9a7bd7359c4adbec68308c8df69872&chksm=e950ef8bde27669d6bc9d6ef36863337c1c0617df2c6ab8c596ae4b41a04b7fe3dd2d6f40287#rd,1668075772,1668075771
36氪,40,2,2248171095_3,全球一亿用户撑起百亿营收，安克创新的数字化出海新故事｜数字化的秘密,http://mp.weixin.qq.com/s?__biz=MzI2NDk5NzA0Mw==&mid=2248171095&idx=3&sn=edd9aa9a219eaf0a7f16e25363ab7ef9&chksm=e950ef8bde27669dd8cdedaafcf699fba331c3d38f024d26046b443f5795f1ed76eb615936d5#rd,1668075772,1668075771
36氪,41,2,2248171095_4,元宇宙是谁都能做的吗？Fandom发现玩家大多数「喜旧厌新」｜36氪专访,http://mp.weixin.qq.com/s?__biz=MzI2NDk5NzA0Mw==&mid=2248171095&idx=4&sn=a21c4f83e20725132af3f350628ee063&chksm=e950ef8bde27669d0c0d9495d029a8c84745258a714a9243c4584d77fb1db1cf348335b23a18#rd,1668075772,1668075771
36氪,42,2,2248170415_1,8点1氪：韩剧TV辟谣5名相关负责人获刑；推特禁止宣传特斯拉负面广告；2022年世界互联网大会乌镇峰会昨日开幕,http://mp.weixin.qq.com/s?__biz=MzI2NDk5NzA0Mw==&mid=2248170415&idx=1&sn=fe26abf992ffb7e98c8c3df00658b040&chksm=e950ea73de2763652a52f269a585e7e6b3930e919de6ce967bdcb8662eeef88c04709e22a962#rd,1668038804,1668039300
36氪,43,2,2248170415_2,一部娓娓道来的短片，何以引起集体共鸣？,http://mp.weixin.qq.com/s?__biz=MzI2NDk5NzA0Mw==&mid=2248170415&idx=2&sn=e5bf42a45adc5ac99c78301e2e82a5f8&chksm=e950ea73de2763654489b22a7c14d1ef9342e2a15f72f8c112ee5687fe0784db5cb9a3556ceb#rd,1668038804,1668039300
36氪,44,2,2248170415_3,每天都有AI作画产品上线，海外出现割韭菜新方式？｜焦点分析,http://mp.weixin.qq.com/s?__biz=MzI2NDk5NzA0Mw==&mid=2248170415&idx=3&sn=4eaec8005102c812a4c6d2bcf0a401d1&chksm=e950ea73de2763654d3897f466492bce37cf91ad06b50a010639457fe1457221ec136afd2f3f#rd,1668038804,1668039300
36氪,45,2,2248170415_4,宏泰零度投资众宇，助力推动燃料电池多领域落地｜早起看早期,http://mp.weixin.qq.com/s?__biz=MzI2NDk5NzA0Mw==&mid=2248170415&idx=4&sn=cf41817bf94ecb969469e7aa58676210&chksm=e950ea73de2763659ed465c65b27cda22bbc5d24649c80fa3a941054a6c607a642ad4003869a#rd,1668038804,1668039300
36氪,46,2,2248170396_1,阿里巴巴的主战场，张勇在互联网大会上明确了,http://mp.weixin.qq.com/s?__biz=MzI2NDk5NzA0Mw==&mid=2248170396&idx=1&sn=cda331ca4aed85d57b6536af2d7c2b59&chksm=e950ea40de276356c2a8be7b306012859d53ce38d4abe7d6e077d2cc39308740d8af931a852e#rd,1667999997,1668000600
36氪,47,2,2248170396_2,数据中心加速演进：华为如何打造智能、集约、绿色创新型数据中心？,http://mp.weixin.qq.com/s?__biz=MzI2NDk5NzA0Mw==&mid=2248170396&idx=2&sn=682fb12315cf85519b219b09047d939c&chksm=e950ea40de276356a4935922ba93aea1299e36921597e2a6ee98f2972afd361363f9971c547a#rd,1667999997,1668000600
36氪,48,2,2248170396_3,招募​｜「新经济新格局」创业融资高峰论坛重磅启动，名额有限,http://mp.weixin.qq.com/s?__biz=MzI2NDk5NzA0Mw==&mid=2248170396&idx=3&sn=06573305a84ba6e9c9f7125284469988&chksm=e950ea40de2763569c3d5bc3b7e2225b596a142aefbd7da534f419c72ed30e85f98751f6a017#rd,1667999997,1668000600
36氪,49,2,2248170396_4,辛巴双11：昨日「与快手相爱相杀」，今日「为快手而战」｜双11观察,http://mp.weixin.qq.com/s?__biz=MzI2NDk5NzA0Mw==&mid=2248170396&idx=4&sn=a48ea4e0538e54f65349ddcfe1148639&chksm=e950ea40de27635618889def569aa8a24a5ae70da83bc2139055c387751e45553d2abfbc81c6#rd,1667999997,1668000600
36氪,50,2,2248170311_1,撕裂中的小鹏汽车：求新的A面，失控的B面 ｜ 深氪,http://mp.weixin.qq.com/s?__biz=MzI2NDk5NzA0Mw==&mid=2248170311&idx=1&sn=42cbbed72ab415ca3dc780754a15156f&chksm=e950ea9bde27638db9d1ef01bdfb6078bdc9346b3147ddc0a8ae02bbfae54b5730050173c59c#rd,1667994005,1667994004
36氪,51,2,2248170311_2,零售业如何对抗焦虑？盒马用「商品力」给出解法,http://mp.weixin.qq.com/s?__biz=MzI2NDk5NzA0Mw==&mid=2248170311&idx=2&sn=459c65d315859a7f100fd6ca1b389e44&chksm=e950ea9bde27638dde11e6a387a12a87ce1b30daeac3b6313b3360ee3f19deb651cee47e28b1#rd,1667994005,1667994004
36氪,52,2,2248170311_3,电摩成为摩博会新主角，但年轻人接受它还需要时间｜焦点分析,http://mp.weixin.qq.com/s?__biz=MzI2NDk5NzA0Mw==&mid=2248170311&idx=3&sn=92bfdceb9c17d86f6c35e4db3da3248b&chksm=e950ea9bde27638d45b2dc6aa6b0a2f674359ad388cb7a9760af80fec10e4a29a23ae534a557#rd,1667994005,1667994004
36氪,53,2,2248170311_4,又一个十字路口？中期选举和10月CPI数据前瞻丨聪明的钱,http://mp.weixin.qq.com/s?__biz=MzI2NDk5NzA0Mw==&mid=2248170311&idx=4&sn=dc8552148f982547f3d4a282cdef4feb&chksm=e950ea9bde27638d426967c310b90d4a9b34a866c27d58e7563ce107369b90c050814a550f50#rd,1667994005,1667994004
36氪,54,2,2248169967_1,8点1氪：进博会贸易投资对接会结束，成交意向超40亿美元；张庭陶虹等涉嫌传销案听证会结束；Gap大中华区业务被收购,http://mp.weixin.qq.com/s?__biz=MzI2NDk5NzA0Mw==&mid=2248169967&idx=1&sn=727b9ce17b35610f3dc2a7b68fa30b03&chksm=e950e833de276125d7d720970fc5fe18e9df5401aebdd05f9d3c59006a9cd2e30e55b14a22d2#rd,1667953247,1667953246
36氪,55,2,2248169967_2,「四两拨千斤」，华为IdeaHub如何开拓商业市场数字化之路？,http://mp.weixin.qq.com/s?__biz=MzI2NDk5NzA0Mw==&mid=2248169967&idx=2&sn=bde5f7150a6ce980e278e3fa51ce2314&chksm=e950e833de276125a103f0c72848fa2816d815995f1763a37a3fae16a5ac73a2701b33514852#rd,1667953247,1667953246
36氪,56,2,2248169967_3,果链龙头押注储能，德赛电池追赶欣旺达丨智氪,http://mp.weixin.qq.com/s?__biz=MzI2NDk5NzA0Mw==&mid=2248169967&idx=3&sn=ede87992cb097ed950eb1cf3530d3873&chksm=e950e833de27612543672f631ad0b6cf7269e5f37f8e83477dfa7ca6d9607fb237728bfb5eab#rd,1667953247,1667953246
36氪,57,2,2248169967_4,红杉中国种子基金、顺为资本等机构参投，支付解决方案服务商「Wooshpay」连获两轮融资｜早起看早期,http://mp.weixin.qq.com/s?__biz=MzI2NDk5NzA0Mw==&mid=2248169967&idx=4&sn=71f86d474fe00f28d93cbbb27e2799fe&chksm=e950e833de276125c7c28916aeb9df25d8b5a521f66ab11ddd5d3c945bd83b75563dc3d27431#rd,1667953247,1667953246
