深度学习与NLP,0,0,2247505169_1,NLP必读好书-《自然语言处理表示学习》免费书分享,http://mp.weixin.qq.com/s?__biz=MzIxNDgzNDg3NQ==&mid=2247505169&idx=1&sn=a24b3416293bbe1d16c34aa0c75bf94e&chksm=97a31ec5a0d497d3cc8668f6b6404c9abdfdc342d8c7274f69339f8594781851e69c829bc106#rd,1668172955,1668214800
深度学习与NLP,1,0,2247505169_2,清华大学计算机学科推荐学术会议和期刊列表,http://mp.weixin.qq.com/s?__biz=MzIxNDgzNDg3NQ==&mid=2247505169&idx=2&sn=9898c34708292598bb0abc9099d93c32&chksm=97a31ec5a0d497d306da7aa7970413986dd0d49b023893ca348365184c092d82fb19ea176229#rd,1668172955,1668214800
深度学习与NLP,2,0,2247505169_3,有史以来最重要的算法,http://mp.weixin.qq.com/s?__biz=MzIxNDgzNDg3NQ==&mid=2247505169&idx=3&sn=0c507a3df1a899706757a4a917ab7f9e&chksm=97a31ec5a0d497d3772ea5b6ab5e5519ac781204c9df5f2604af040d02a27233bbb82d210fc9#rd,1668172955,1668214800
深度学习与NLP,3,0,2247505169_4,来了，AI算法工程师高效学习路径！！入职第一天即产生价值。,http://mp.weixin.qq.com/s?__biz=MzIxNDgzNDg3NQ==&mid=2247505169&idx=4&sn=8e31d46c2be1463f695a8a4733713c9c&chksm=97a31ec5a0d497d309deee35d9f590671aa3bd4e696609adb25c993ae20a8383576335ac58ac#rd,1668172955,1668214800
深度学习与NLP,4,0,2247505167_1,2022历史最全-中文自然语言推理与语义相似度数据集整理分享,http://mp.weixin.qq.com/s?__biz=MzIxNDgzNDg3NQ==&mid=2247505167&idx=1&sn=ff897549e1ce935c2d1437cbbc0b113e&chksm=97a31edba0d497cd7aaca26fd53ac3d5da0b397e83f55f2c247cbe1baf0bca3ee67b91b535ec#rd,1668144341,1668144340
深度学习与NLP,5,0,2247505167_2,自然语言处理圣经-《自然语言处理综述》-最新版及AI必读10本经典分享,http://mp.weixin.qq.com/s?__biz=MzIxNDgzNDg3NQ==&mid=2247505167&idx=2&sn=77a7222d9b9fb890ab3c01f72566ad4c&chksm=97a31edba0d497cd6a76aad01c6b00e59cbc26da31ded22b15ddf322579acf54f727b0bd916a#rd,1668144341,1668144340
深度学习与NLP,6,0,2247505167_3,雄蜂机器人,http://mp.weixin.qq.com/s?__biz=MzIxNDgzNDg3NQ==&mid=2247505167&idx=3&sn=054f6497a21c5117a3164ec6a4eefbfc&chksm=97a31edba0d497cdbec163b33620c45febcdb5311a24c823d3b57f8ad6eafffd35766a2c58a3#rd,1668144341,1668144340
深度学习与NLP,7,0,2247505167_4,炸裂！三行代码完成AI模型的部署！覆盖CPU GPU Jetson 瑞芯微 晶晨 恩智浦等,http://mp.weixin.qq.com/s?__biz=MzIxNDgzNDg3NQ==&mid=2247505167&idx=4&sn=73d6919e3c1fe8502cc742369706a624&chksm=97a31edba0d497cdddea7faa884debfbeab2e3f50904a2e80cae794d007d277946eb8e62b90e#rd,1668144341,1668144340
深度学习与NLP,8,0,2247505167_5,每个人都应该知道的5个NLP代码库,http://mp.weixin.qq.com/s?__biz=MzIxNDgzNDg3NQ==&mid=2247505167&idx=5&sn=dcfcc224a939311e64137c5d8e9fe759&chksm=97a31edba0d497cd9f488d20e54d0e71b50327b088cb13258303c0c591ce52defdf11834db9d#rd,1668144341,1668144340
深度学习与NLP,9,0,2247505165_1,炸裂！三行代码完成AI模型的部署！覆盖CPU GPU Jetson 瑞芯微 晶晨 恩智浦等,http://mp.weixin.qq.com/s?__biz=MzIxNDgzNDg3NQ==&mid=2247505165&idx=1&sn=f2b1cfb374feaf08f9c4325ea97b4251&chksm=97a31ed9a0d497cf5183775bb357a15a4bc9b0cee59eef8d1e958ac2bf11036482926d4febe4#rd,1668003331,1668038400
深度学习与NLP,10,0,2247505165_2,算法岗面试必读书籍-《机器学习面试实战》免费分享,http://mp.weixin.qq.com/s?__biz=MzIxNDgzNDg3NQ==&mid=2247505165&idx=2&sn=8b046f1c845ad5a82a0b86a427e1fa55&chksm=97a31ed9a0d497cfdeeaabc97a7aa7cbf5480742dca875328fb954c13311bf08616183d0f17e#rd,1668003331,1668038400
深度学习与NLP,11,0,2247505165_3,如何在4-6个月产出论文？（含180条论文讲解）,http://mp.weixin.qq.com/s?__biz=MzIxNDgzNDg3NQ==&mid=2247505165&idx=3&sn=4f1b05d33802f071c506db460f59fd0a&chksm=97a31ed9a0d497cf28918ae7767dfa5a0eab01f2daaf9787d3568dbbbe40ea4501cb8ea45702#rd,1668003331,1668038400
深度学习与NLP,12,0,2247505165_4,2022年10月最佳AI文章,http://mp.weixin.qq.com/s?__biz=MzIxNDgzNDg3NQ==&mid=2247505165&idx=4&sn=baf954d2e5978c87cc00396797d3e56e&chksm=97a31ed9a0d497cf1df2164f19d6c76670bfcfa77cf4d165d57875991ad26c884d2f00c2525c#rd,1668003331,1668038400
深度学习与NLP,13,0,2247505165_5,自然语言处理历史最全预训练模型(部署)汇集分享,http://mp.weixin.qq.com/s?__biz=MzIxNDgzNDg3NQ==&mid=2247505165&idx=5&sn=82434cbd1cff636c9cf60fd314178883&chksm=97a31ed9a0d497cfc12a0eaf14f14e4d06e4e07c8f0758ec0a0ef5ce773aa36ccf68546d1ef4#rd,1668003331,1668038400
深度学习与NLP,14,0,2247505160_1,如何在4-6个月产出论文？（含180条论文讲解）,http://mp.weixin.qq.com/s?__biz=MzIxNDgzNDg3NQ==&mid=2247505160&idx=1&sn=519a536de165ca14d62ca9f4186f7eeb&chksm=97a31edca0d497ca713aba42168b0a2ffd77514ad3b0b6a2b72d2e32cbdd16c17b449f14d0c1#rd,1667919797,1667952000
深度学习与NLP,15,0,2247505160_2,Hugging Face 3000+NLP预训练模型库整理分享,http://mp.weixin.qq.com/s?__biz=MzIxNDgzNDg3NQ==&mid=2247505160&idx=2&sn=b0035c49e1d2bd22cc8e521de0036811&chksm=97a31edca0d497cacff8786a0ebf29c301e621c4301cb1024d376a91d5b7dade73cc2fb7a306#rd,1667919797,1667952000
深度学习与NLP,16,0,2247505160_3,来了，AI算法工程师高效学习路径！！入职第一天即产生价值。,http://mp.weixin.qq.com/s?__biz=MzIxNDgzNDg3NQ==&mid=2247505160&idx=3&sn=9cdafc9bc8eb30d3503b2e3a7c55a4c7&chksm=97a31edca0d497ca1cf5c19d8f50583707b8da767b581e0a87ac56715a5b91cd0e67b25ac6c2#rd,1667919797,1667952000
深度学习与NLP,17,0,2247505160_4,最佳人形机器人,http://mp.weixin.qq.com/s?__biz=MzIxNDgzNDg3NQ==&mid=2247505160&idx=4&sn=597d0cb1a90b95af101b9eef3d2bea9c&chksm=97a31edca0d497cad49ddfa0f44da78926dbcc8d2b0e85a6d623012123ea6fd6526af90afa78#rd,1667919797,1667952000
深度学习与NLP,18,0,2247505160_5,强化学习新书-《强化学习：算法与理论》分享,http://mp.weixin.qq.com/s?__biz=MzIxNDgzNDg3NQ==&mid=2247505160&idx=5&sn=054e300977402d467bf0ee3a85cd974e&chksm=97a31edca0d497ca577c5daa279ee0c8cab1c09402d48ea5abc976dee92775f02e5b96534d5c#rd,1667919797,1667952000
深度学习与NLP,19,0,2247505148_1,来了，AI算法工程师高效学习路径！！入职第一天即产生价值。,http://mp.weixin.qq.com/s?__biz=MzIxNDgzNDg3NQ==&mid=2247505148&idx=1&sn=c722f0b83a49bb14631ceeb7440bdd0b&chksm=97a31f28a0d4963ec457fd16eef1584c6c49e0127e8af0147e07bd782e6b5d59be061846ff97#rd,1667820814,1667869200
深度学习与NLP,20,0,2247505148_2,NLP实战中文新书-《使用Spacy做进阶自然语言处理》免费分享,http://mp.weixin.qq.com/s?__biz=MzIxNDgzNDg3NQ==&mid=2247505148&idx=2&sn=82aea9931e7b042cc6aa05666a04fbdf&chksm=97a31f28a0d4963e309a95debe10bf4df235aa8ee58aff6eec2098568c8aa83594dbaa495ea7#rd,1667820814,1667869200
深度学习与NLP,21,0,2247505148_3,Meta 語音對語音翻譯技術背後的黑科技,http://mp.weixin.qq.com/s?__biz=MzIxNDgzNDg3NQ==&mid=2247505148&idx=3&sn=e7dc6ff85c76e28b395e77f707b9549e&chksm=97a31f28a0d4963e601caea033c608cfad4fc5f13a07b542e59f431f717c0f5ab992f60d8437#rd,1667820814,1667869200
深度学习与NLP,22,0,2247505148_4,中文医疗领域自然语言处理相关数据集、经典论文资源蒸馏分享,http://mp.weixin.qq.com/s?__biz=MzIxNDgzNDg3NQ==&mid=2247505148&idx=4&sn=263f1be5398ee7c7711cea7d66b9d37c&chksm=97a31f28a0d4963e71cd5d7124a663b07988de34a3a3c1b72f74b025a3dbc6c80dba6c288661#rd,1667820814,1667869200
深度学习与NLP,23,1,2247505144_1,麻省理工新课-《机器学习导论》课程视频及ppt分享,http://mp.weixin.qq.com/s?__biz=MzIxNDgzNDg3NQ==&mid=2247505144&idx=1&sn=0b654eaf0f22d20fb30790982b69f26c&chksm=97a31f2ca0d4963a00eb90fb4015a659b45cdce7a75e7e8ea182399c98ff7a2e089b4256fa2e#rd,1667791907,1667791907
深度学习与NLP,24,1,2247505144_2,新书推荐-《神经网络新手入门必备数学基础》免费pdf分享,http://mp.weixin.qq.com/s?__biz=MzIxNDgzNDg3NQ==&mid=2247505144&idx=2&sn=0a392bbdd84116af38fc475dced13514&chksm=97a31f2ca0d4963a8755e85b24e037316afdbd292e3b02949c1d00cc53bda960a9ca248ce9fa#rd,1667791907,1667791907
深度学习与NLP,25,1,2247505144_3,首款深海人形机器人无人机_新机器学习AI解读脑电波读心,http://mp.weixin.qq.com/s?__biz=MzIxNDgzNDg3NQ==&mid=2247505144&idx=3&sn=68dd085a4db73896e07c699a88884b86&chksm=97a31f2ca0d4963a7ae1d5fd17cb4ab096bef7d72866383768b746714a36e662706428ea2471#rd,1667791907,1667791907
深度学习与NLP,26,1,2247505144_4,自然语言处理圣经-《自然语言处理综述》-最新版及AI必读10本经典分享,http://mp.weixin.qq.com/s?__biz=MzIxNDgzNDg3NQ==&mid=2247505144&idx=4&sn=6b630e787cfdff1823fc6707d90cfd22&chksm=97a31f2ca0d4963aa106b0dcef08721b9b99ffc457b34a57ff54bb817c24d799d48cc592fe91#rd,1667791907,1667791907
深度学习与NLP,27,1,2247505142_1,最全最新中文预训练MobileBERT-MacBERT -XLNet等模型整理分享,http://mp.weixin.qq.com/s?__biz=MzIxNDgzNDg3NQ==&mid=2247505142&idx=1&sn=c8a80315def8aba6e8ea814596cd6498&chksm=97a31f22a0d49634d0856e50ac6e1c5d15462801407115901e9634bd10e9f19bb00cf8872c81#rd,1667701734,1667701734
深度学习与NLP,28,1,2247505142_2,自然语言处理圣经-《自然语言处理综述》-最新版及AI必读10本经典分享,http://mp.weixin.qq.com/s?__biz=MzIxNDgzNDg3NQ==&mid=2247505142&idx=2&sn=3e759a2d03cac3a16085f8689186f653&chksm=97a31f22a0d4963497b8a5c4225f0d20fed717772e63107732b4df8c496c1a426ab3dbc2e128#rd,1667701734,1667701734
深度学习与NLP,29,1,2247505142_3,人类与机器人的未来_2030年_智能机器将如何改变我们的生活,http://mp.weixin.qq.com/s?__biz=MzIxNDgzNDg3NQ==&mid=2247505142&idx=3&sn=9b75be97f7bf4d45236e94e562d07403&chksm=97a31f22a0d49634f0fe70d298c6c1c52f748f9a688051b3b74db544f012fd93a29b45af3abf#rd,1667701734,1667701734
深度学习与NLP,30,1,2247505142_4,深度学习自然语言处理模型实现大集合（精简版<100行）,http://mp.weixin.qq.com/s?__biz=MzIxNDgzNDg3NQ==&mid=2247505142&idx=4&sn=96306ab16afd920972e0e11c33226248&chksm=97a31f22a0d49634cbdee45647b0cdce8ef12b1f16b15eda7994c8358173bde90c22187ccb23#rd,1667701734,1667701734
深度学习与NLP,31,1,2247505062_1,学术会议参会必读-《发表演讲必备的沟通科学-第二版》免费pdf分享,http://mp.weixin.qq.com/s?__biz=MzIxNDgzNDg3NQ==&mid=2247505062&idx=1&sn=0d5ade28141643f0e5a0f1955e477250&chksm=97a31f72a0d496648cffdc27c9c0304aee31e466b6dfb6dd9616ae2564ea4dba3febc55a1f82#rd,1667619517,1667619516
深度学习与NLP,32,1,2247505062_2,Loona机器人,http://mp.weixin.qq.com/s?__biz=MzIxNDgzNDg3NQ==&mid=2247505062&idx=2&sn=38c4305b5f3cac0914c3ea954e905f66&chksm=97a31f72a0d49664f2d69e5c41984d1e1a87238f374f659d884841c43769525c7cacfa4e43d2#rd,1667619517,1667619516
深度学习与NLP,33,1,2247505062_3,博士入坑必读教材-《A-Z博士（PhD）顺利毕业必读指南》新书免费分享,http://mp.weixin.qq.com/s?__biz=MzIxNDgzNDg3NQ==&mid=2247505062&idx=3&sn=9072a18e935a30811da48acad960b6d4&chksm=97a31f72a0d4966443586953da574512f394a1b7853ebfeb94fa3a951ff467239880c6cd7df9#rd,1667619517,1667619516
深度学习与NLP,34,1,2247505062_4,深度学习必读教材-《Neural Networks and Deep Learning》中英文版等 必读10本经典书籍推荐,http://mp.weixin.qq.com/s?__biz=MzIxNDgzNDg3NQ==&mid=2247505062&idx=4&sn=bae4b3dea8ca0a238267d56e7bce10a6&chksm=97a31f72a0d49664f5ec5b9edb39ce2640813f4399b2936895eeb57bf245be8d006913c65221#rd,1667619517,1667619516
深度学习与NLP,35,1,2247505060_1,2022年最新中文免费书-《计算机科学自学指南》-免费分享,http://mp.weixin.qq.com/s?__biz=MzIxNDgzNDg3NQ==&mid=2247505060&idx=1&sn=c5681f192cf6ce40d953870135cb431e&chksm=97a31f70a0d4966679c47ee9341a3f8d36ea667e39f11294ef4efc5f55174af02ed6f8680049#rd,1667546138,1667546137
深度学习与NLP,36,1,2247505060_2,深度学习必读教材-《Neural Networks and Deep Learning》中英文版等 必读10本经典书籍推荐,http://mp.weixin.qq.com/s?__biz=MzIxNDgzNDg3NQ==&mid=2247505060&idx=2&sn=35e585daf11ef54b58cfed7fcf9d0377&chksm=97a31f70a0d496669b492f9dab87cb68b1178ca3fff1de47e3f074c63c71df8b652db21cde6d#rd,1667546138,1667546137
深度学习与NLP,37,1,2247505060_3,艺术家如何用Stable Diffusi和PS为图片更换背景,http://mp.weixin.qq.com/s?__biz=MzIxNDgzNDg3NQ==&mid=2247505060&idx=3&sn=6b2b7d9ee76013e1b68997d1b64d9860&chksm=97a31f70a0d4966610a40c1d1d3b21c90fb466a8d2cca01944b25893f6308d594597d9b709da#rd,1667546138,1667546137
深度学习与NLP,38,1,2247505060_4,机器学习从业者人手必备的8本书,http://mp.weixin.qq.com/s?__biz=MzIxNDgzNDg3NQ==&mid=2247505060&idx=4&sn=d1d2bef5f50c7c15ab62bdc048a08033&chksm=97a31f70a0d49666fc1d0a4ff80bb885cca665c872e5059814afcc6fe136aad9dd5d6ecbee34#rd,1667546138,1667546137
深度学习与NLP,39,1,2247505058_1,2022年深度强化学习最全精选资源整理分享,http://mp.weixin.qq.com/s?__biz=MzIxNDgzNDg3NQ==&mid=2247505058&idx=1&sn=a0867f63efe3f0586dad97c3bb721283&chksm=97a31f76a0d49660e6c144141118b694880421ee84cba40f08aa3871dda8954f8543834315c3#rd,1667449251,1667449250
深度学习与NLP,40,1,2247505058_3,自动清洁机器人,http://mp.weixin.qq.com/s?__biz=MzIxNDgzNDg3NQ==&mid=2247505058&idx=3&sn=618bec86896426ef1159c50b1feb0574&chksm=97a31f76a0d49660e020db8575d1f6d56a313eff4203875f7773f5f6bd1b147699f62edf5f10#rd,1667449251,1667449250
深度学习与NLP,41,1,2247505058_4,程序员必读-《统计思考：程序员必备概率和统计知识》免费pdf分享,http://mp.weixin.qq.com/s?__biz=MzIxNDgzNDg3NQ==&mid=2247505058&idx=4&sn=64cc1d663cb7227d93e7a68c014f0d63&chksm=97a31f76a0d4966033da2864c097516f6a43c705cc95064d25bf8270ff921a7ceb30c6c9b414#rd,1667449251,1667449250
