虎嗅APP,0,0,2655855344_1,别问跑得快不快，电商只在乎稳不稳,http://mp.weixin.qq.com/s?__biz=MTQzMjE1NjQwMQ==&mid=2655855344&idx=1&sn=e6874af3bfafd8bdbaa8f20666facf27&chksm=66da8d6e51ad047839bb57701f13f3c1eef38c3013f72e8fe85dd4134176f51e7afb9f7851ec#rd,1668259869,1668259868
虎嗅APP,1,0,2655855344_2,是什么让我们对电影院失去欲望？,http://mp.weixin.qq.com/s?__biz=MTQzMjE1NjQwMQ==&mid=2655855344&idx=2&sn=60ab74204a4271c591713af951bcb439&chksm=66da8d6e51ad0478d1461c75652ced5ba692d09bb6f5ef7285554e9d6aa02b2b9f1c7fab0760#rd,1668259869,1668259868
虎嗅APP,2,0,2655855344_3,亲历Meta万人大裁员,http://mp.weixin.qq.com/s?__biz=MTQzMjE1NjQwMQ==&mid=2655855344&idx=3&sn=07c68b64192a50126486f023c6309a6c&chksm=66da8d6e51ad04783ca53b8b123dd7e3068f38bb66b36ff9cff12e04488c54a6066c324407c3#rd,1668259869,1668259868
虎嗅APP,3,0,2655855317_1,网易严选爆款战事,http://mp.weixin.qq.com/s?__biz=MTQzMjE1NjQwMQ==&mid=2655855317&idx=1&sn=1bce617f16a895510b7b0abc765b0ada&chksm=66da8d4b51ad045d0d1c62bf8cb18a503ef81621015cf0d0bc0b23e2db802b5b06faa809989e#rd,1668247488,1668247488
虎嗅APP,4,0,2655855317_2,双十一逐渐被Z世代拿捏了,http://mp.weixin.qq.com/s?__biz=MTQzMjE1NjQwMQ==&mid=2655855317&idx=2&sn=4c6ab35a056aca90bb6f54dc778743d4&chksm=66da8d4b51ad045d2d2136bd7fe4cf8336f145080988015d84d89b5930a0be60da4b1c663987#rd,1668247488,1668247488
虎嗅APP,5,0,2655855317_3,我，前练习生，在游乐园做NPC，日薪5000,http://mp.weixin.qq.com/s?__biz=MTQzMjE1NjQwMQ==&mid=2655855317&idx=3&sn=18805a4b07fb0a556483afea7e514f54&chksm=66da8d4b51ad045d82df7c34013b030ba0cdd18ffd6ea66e3b333974801d71714fd9caa8d979#rd,1668247488,1668247488
虎嗅APP,6,0,2655855191_1,丰田又上新，真没安好心,http://mp.weixin.qq.com/s?__biz=MTQzMjE1NjQwMQ==&mid=2655855191&idx=1&sn=709e4f4b2c14c78c2bc39e1df94f9f9f&chksm=66da8dc951ad04dfba4e525a0c8d1012baa6af645fc299341cc52a32c3fc3d6a41c022e7a6ef#rd,1668225056,1668225056
虎嗅APP,7,0,2655855191_2,我一个深圳房产中介，转行开滴滴,http://mp.weixin.qq.com/s?__biz=MTQzMjE1NjQwMQ==&mid=2655855191&idx=2&sn=fa361d35271a669d8cbc42ba6d45ffee&chksm=66da8dc951ad04df463a54a1962bd93d291158ddb367ba74136e17d8c05bdff2170079684b4d#rd,1668225056,1668225056
虎嗅APP,8,0,2655855191_3,上门做饭火了：四菜一汤68元，90后排队“上岗”,http://mp.weixin.qq.com/s?__biz=MTQzMjE1NjQwMQ==&mid=2655855191&idx=3&sn=8066536011f024de79d54a2830961655&chksm=66da8dc951ad04df3d479d3aa4e9c47bd9f8980654a060a3e870dbc211ceab637aaaf718e5cf#rd,1668225056,1668225056
虎嗅APP,9,0,2655855055_1,别让卡车司机困在双十一物流里了,http://mp.weixin.qq.com/s?__biz=MTQzMjE1NjQwMQ==&mid=2655855055&idx=1&sn=585d4e31b36bb24f7ed2a3cb885a337a&chksm=66da8e5151ad0747311125b051a334a446c7a3754ac499085ca22983871b295ee9e7220a99f7#rd,1668172856,1668172855
虎嗅APP,10,0,2655855055_2,为何云计算对电商越来越重要？,http://mp.weixin.qq.com/s?__biz=MTQzMjE1NjQwMQ==&mid=2655855055&idx=2&sn=f9833a13ab7914e55174c8b0664ad2cd&chksm=66da8e5151ad07479ac0358ae21b26a125813fc2c8e730f5f142a9ceff87e3c960ba952803bd#rd,1668172856,1668172855
虎嗅APP,11,0,2655855055_3,有意思周报 | 性爱过程中未经同意就掐脖子：是情趣还是危险？；有人发明了一款能吃的无人机,http://mp.weixin.qq.com/s?__biz=MTQzMjE1NjQwMQ==&mid=2655855055&idx=3&sn=7b242e2dd82b82df31c7eade9d463367&chksm=66da8e5151ad0747887e7ce8b4eefe29d89e68b4a9bce6a1c26ac4822395701b272e002da4d7#rd,1668172856,1668172855
虎嗅APP,12,0,2655855055_4,东北老铁的嘴，如何花样吃辣？,http://mp.weixin.qq.com/s?__biz=MTQzMjE1NjQwMQ==&mid=2655855055&idx=4&sn=260e5f1de1a9641672e1fbf99ec440ab&chksm=66da8e5151ad07475a05c9e7d5daac15fbb9d1ca32a2f5825de0707b0a108887eca4d457698e#rd,1668172856,1668172855
虎嗅APP,13,0,2655854965_1,刷短视频的人到底能乱买多少“9.9元包邮”的破烂,http://mp.weixin.qq.com/s?__biz=MTQzMjE1NjQwMQ==&mid=2655854965&idx=1&sn=27e99166e7a089c6c0405c29807f4b63&chksm=66da8eeb51ad07fdb7f08533eac37b607352e687ec455c7b34ff02b52b807970a59d4712c219#rd,1668161620,1668161619
虎嗅APP,14,0,2655854965_2,3.6亿买GAP，中国乙方能值回票价吗？,http://mp.weixin.qq.com/s?__biz=MTQzMjE1NjQwMQ==&mid=2655854965&idx=2&sn=6a7aa45582fdb169453a9229a9cb14c3&chksm=66da8eeb51ad07fde223e2d9c22f13dc5b4a66f8b7cc25431f24aacbf8e8280228771ad09ad3#rd,1668161620,1668161619
虎嗅APP,15,0,2655854965_3,被Meta裁掉后，我拿到了108万赔偿金,http://mp.weixin.qq.com/s?__biz=MTQzMjE1NjQwMQ==&mid=2655854965&idx=3&sn=1602637ae36dad0ccb7dc4778c2b5c08&chksm=66da8eeb51ad07fd3f0188d0aba3c2493be531783f9a22e5b318aa385b496c903962712bd274#rd,1668161620,1668161619
虎嗅APP,16,0,2655854965_4,“转按揭”重出江湖？警惕资金中介推介陷阱,http://mp.weixin.qq.com/s?__biz=MTQzMjE1NjQwMQ==&mid=2655854965&idx=4&sn=27ce6b07bf50197a91ae343080af4dfa&chksm=66da8eeb51ad07fd4494a35ef2b00fd28da9ea8da2c4f0c5ca8cb7dbccbfc457917b9145280e#rd,1668161620,1668161619
虎嗅APP,17,1,2655854815_1,打零工的2022届毕业生,http://mp.weixin.qq.com/s?__biz=MTQzMjE1NjQwMQ==&mid=2655854815&idx=1&sn=d0247c129c23967e54ebf111671d6b1a&chksm=66da8f4151ad0657c1c87d79da00f595afc4bfd55c58afecb5d434259e9ccfc4f072f87b9e91#rd,1668126226,1668126225
虎嗅APP,18,1,2655854815_2,早报|112国专家就如何结束新冠达成共识；董明珠辟谣“接班人”孟羽童被炒；匈牙利同意刘氏兄弟更改国籍；掌掴男童男子家属：想和解,http://mp.weixin.qq.com/s?__biz=MTQzMjE1NjQwMQ==&mid=2655854815&idx=2&sn=eaf3f887296b0197c0b35861e4eed3d6&chksm=66da8f4151ad0657c97808cd2eb0387b58fc676e9806a27b117359eecc9c1d033fcef6fbb8e2#rd,1668126226,1668126225
虎嗅APP,19,1,2655854815_3,达美乐，栽在中国北方大妈的手里？,http://mp.weixin.qq.com/s?__biz=MTQzMjE1NjQwMQ==&mid=2655854815&idx=3&sn=2ebb4a2b72c75cbdce533c940839794e&chksm=66da8f4151ad0657621de045d14b7b358c6d157327ec5110b794d5738aa1dbde8a32997f062d#rd,1668126226,1668126225
虎嗅APP,20,1,2655854751_1,压抑的韩国青年，正对中国货成瘾,http://mp.weixin.qq.com/s?__biz=MTQzMjE1NjQwMQ==&mid=2655854751&idx=1&sn=ec2ea14ab74686ca2bf2825daa32d890&chksm=66da8f0151ad06178a4a7f48158cfd195c7449ae33a24e43bf23ca59e2c68167ff326a9af619#rd,1668090991,1668090990
虎嗅APP,21,1,2655854751_2,京东超市凭什么敢全网比价？,http://mp.weixin.qq.com/s?__biz=MTQzMjE1NjQwMQ==&mid=2655854751&idx=2&sn=218d2e0e2e80b7868fad03bad90c05ec&chksm=66da8f0151ad0617b58e46f289740aab572eb2cd3e752fc2a091b9a062873dbded2de0291521#rd,1668090991,1668090990
虎嗅APP,22,1,2655854751_3,重回榜首，隆基要开始“反攻”了？,http://mp.weixin.qq.com/s?__biz=MTQzMjE1NjQwMQ==&mid=2655854751&idx=3&sn=822d555603cd2da654ed1934d70ad734&chksm=66da8f0151ad0617a06f4888dc31301b886c650df204ac95edb4a6eb985d5fcb6b675b3c7962#rd,1668090991,1668090990
虎嗅APP,23,1,2655854751_4,今年剧集市场的三种大众情绪,http://mp.weixin.qq.com/s?__biz=MTQzMjE1NjQwMQ==&mid=2655854751&idx=4&sn=edcd36b78d8b5c8297ca2c0a51469bad&chksm=66da8f0151ad06172b6e613770330fe404b961d0e9cab501e9887931b6f50d1cb56719239ff5#rd,1668090991,1668090990
虎嗅APP,24,1,2655854650_1,我在5000万相亲局卧底：女卷年龄，男卷创业,http://mp.weixin.qq.com/s?__biz=MTQzMjE1NjQwMQ==&mid=2655854650&idx=1&sn=81e8f3b2a2831d270b258e84a539ff67&chksm=66da8fa451ad06b20247884636acd32308056f305ee578f85c9efd7fe054b1dee94b4f983e92#rd,1668072247,1668072600
虎嗅APP,25,1,2655854650_2,别再让汽车穿“脏”衣服了,http://mp.weixin.qq.com/s?__biz=MTQzMjE1NjQwMQ==&mid=2655854650&idx=2&sn=4472e32ea31e74e09c41ab0f2bf7089e&chksm=66da8fa451ad06b270df5f4e2eadb5f700452c6eeac2e7e3c1f0e2fc8c548930210f7232a65a#rd,1668072247,1668072600
虎嗅APP,26,1,2655854650_3,医保谈判第五年：中国创新药企进退维谷,http://mp.weixin.qq.com/s?__biz=MTQzMjE1NjQwMQ==&mid=2655854650&idx=3&sn=e84bc6d9c39f97bc20917ae12343b208&chksm=66da8fa451ad06b2a6224a7bbd2596869c5177df1b862fc0cee65c965ab032e8a22067657975#rd,1668072247,1668072600
虎嗅APP,27,1,2655854650_4,今年世界杯的冠军，义乌人可能已经知道了,http://mp.weixin.qq.com/s?__biz=MTQzMjE1NjQwMQ==&mid=2655854650&idx=4&sn=0728be2168bcf078d7a491e03c604235&chksm=66da8fa451ad06b2deb9a34eb41a39808ae21b8b7ecda30a024a5de3eee3c21e21815b9b4b27#rd,1668072247,1668072600
虎嗅APP,28,1,2655854565_1,茅台股价跌了又跌，是不是丁雄军的错？,http://mp.weixin.qq.com/s?__biz=MTQzMjE1NjQwMQ==&mid=2655854565&idx=1&sn=7ae7e1f77fdce821051944ddfbb9ad11&chksm=66dab07b51ad396d7e86e1ce21d5ec585e63ee3068caabf8cbd1b10cf560090fe4effb873f7c#rd,1668039575,1668039574
虎嗅APP,29,1,2655854565_2,早报 | 重庆中医院不等核酸结果抢救黄码老人；俄罗斯宣布从赫尔松部分地区撤军；Meta裁员1.1万人，小扎承认判断失误,http://mp.weixin.qq.com/s?__biz=MTQzMjE1NjQwMQ==&mid=2655854565&idx=2&sn=af517eba3e3ced89af719562310b3cdd&chksm=66dab07b51ad396d9ecccf0f7b3a7033ede98ef26e63ddf05c5144dd9e7fa5c98716c4aca5fd#rd,1668039575,1668039574
虎嗅APP,30,1,2655854565_3,喜茶向加盟低头，跳入下沉红海,http://mp.weixin.qq.com/s?__biz=MTQzMjE1NjQwMQ==&mid=2655854565&idx=3&sn=04aaaca05ad6ff8591c44baf9a510213&chksm=66dab07b51ad396d6ef23e3c3dbe6f45115c84d7ff6dc3938ad634ff418d4c3925cdc3630e05#rd,1668039575,1668039574
虎嗅APP,31,1,2655854522_1,蚂蚁无闲棋,http://mp.weixin.qq.com/s?__biz=MTQzMjE1NjQwMQ==&mid=2655854522&idx=1&sn=1c9f919593ef2b574e23d60633d3db4d&chksm=66dab02451ad39321cd286d8f9ca96dfbb39bbec0e18c722e59328d71cc7e74d19c17a1b83d7#rd,1668003062,1668003061
虎嗅APP,32,1,2655854522_2,11000人从扎克伯格的元宇宙里“消失”,http://mp.weixin.qq.com/s?__biz=MTQzMjE1NjQwMQ==&mid=2655854522&idx=2&sn=34d8416e9168ff5d91c97da02f440a5c&chksm=66dab02451ad39321ba6d9fa656d4dae559acc14e2d880852f11e8d21a544341a59ac898cf77#rd,1668003062,1668003061
虎嗅APP,33,1,2655854522_3,币安赵长鹏“屠戮”众神,http://mp.weixin.qq.com/s?__biz=MTQzMjE1NjQwMQ==&mid=2655854522&idx=3&sn=e0e9638f8d91c1dfcb8ed2f9fe778854&chksm=66dab02451ad393245d17df71fc87d9b6db4bbdf656e3190ab632778cc68138a3f04d8ba6b62#rd,1668003062,1668003061
虎嗅APP,34,1,2655854522_4,长沙洗脚城，到底有多“卷”,http://mp.weixin.qq.com/s?__biz=MTQzMjE1NjQwMQ==&mid=2655854522&idx=4&sn=83a5633faf7de3f21b35ee33fa7d2b87&chksm=66dab02451ad39323e38f2fb5ad363df181600e0c83865fca680c4a44c67e0fe8c54f880bffb#rd,1668003062,1668003061
虎嗅APP,35,2,2655854449_1,养车，谁更实在？,http://mp.weixin.qq.com/s?__biz=MTQzMjE1NjQwMQ==&mid=2655854449&idx=1&sn=8d5ecf75251d846aed631024f3bb3d34&chksm=66dab0ef51ad39f92cb8d9d0603b79a4ca600d72f367012d781ea403f8905ce4686ecfac7613#rd,1667986954,1667986954
虎嗅APP,36,2,2655854449_2,苹果产业链龙头，这次真的玩脱了？,http://mp.weixin.qq.com/s?__biz=MTQzMjE1NjQwMQ==&mid=2655854449&idx=2&sn=e5f88d77305a7e71e41224484f1c3407&chksm=66dab0ef51ad39f9edf1b7f7cb95cab51ac23fb4faeb931da7d73d83d65391bd4df7d87e045b#rd,1667986954,1667986954
虎嗅APP,37,2,2655854449_3,2022，拿什么拯救无人光顾的影院,http://mp.weixin.qq.com/s?__biz=MTQzMjE1NjQwMQ==&mid=2655854449&idx=3&sn=4fe7afb7c722d55e610163cec2a43ac4&chksm=66dab0ef51ad39f9ae307a84dd4a3e4f16aa21e4428051a6ee54f78cdf4ccb4cb3f5bc157627#rd,1667986954,1667986954
虎嗅APP,38,2,2655854449_4,本科毕业的年轻人，怎么都抢着当保安？,http://mp.weixin.qq.com/s?__biz=MTQzMjE1NjQwMQ==&mid=2655854449&idx=4&sn=8acaca84cb8bc4620a93e01ec8e96c81&chksm=66dab0ef51ad39f9c4c10dda04e430dd38a10f0ed690fdb7e53e03cd9f676cb0b70750692621#rd,1667986954,1667986954
虎嗅APP,39,2,2655854362_1,再次降价的特斯拉，陷在自己挖的大坑里,http://mp.weixin.qq.com/s?__biz=MTQzMjE1NjQwMQ==&mid=2655854362&idx=1&sn=a8c40fc2e280e765ab2734d2a7854291&chksm=66dab08451ad3992bf8ed8732633e93f9ec082bf64f1f5de20a9720cccc490980ff9a8117308#rd,1667953290,1667953289
虎嗅APP,40,2,2655854362_2,早报 | 官方辟谣错过女儿成人礼书记开公司；泽连斯基将参加G20峰会；马斯克560亿美元薪酬案将开庭；美国开出20.4亿美元巨奖,http://mp.weixin.qq.com/s?__biz=MTQzMjE1NjQwMQ==&mid=2655854362&idx=2&sn=7b9c470b2d450b2196faee767afef069&chksm=66dab08451ad39925f66144660a7a1b716e01b6b60a9d52696bb3cd5058f3c2afd082340363e#rd,1667953290,1667953289
虎嗅APP,41,2,2655854362_3,植不起发的年轻人，去“画”头发了,http://mp.weixin.qq.com/s?__biz=MTQzMjE1NjQwMQ==&mid=2655854362&idx=3&sn=1b81a3bba08ddadd17ea1e5ffb58e5cd&chksm=66dab08451ad3992315d4c3336cea60d5ded4702f31bdbcc9ef852599763afd0151a639a91cb#rd,1667953290,1667953289
虎嗅APP,42,2,2655854279_1,19年前的安卓bug，终于有人修好了,http://mp.weixin.qq.com/s?__biz=MTQzMjE1NjQwMQ==&mid=2655854279&idx=1&sn=e2609706831e326435761c1b05bb3489&chksm=66dab15951ad384f7a5e16148bb4e37de890c117f201e4a9dd4f7e1a2413ec8a706e1c719b99#rd,1667913970,1667914200
虎嗅APP,43,2,2655854279_2,极致的开会，是一种什么体验？,http://mp.weixin.qq.com/s?__biz=MTQzMjE1NjQwMQ==&mid=2655854279&idx=2&sn=e50a38543cef58987c6c02ee1cb1fd57&chksm=66dab15951ad384f7280b79442270bbca287ac888f7100077f70f20c15d724b2ab7038323a28#rd,1667913970,1667914200
虎嗅APP,44,2,2655854279_3,香奈儿涨价背后的“中国挑战”,http://mp.weixin.qq.com/s?__biz=MTQzMjE1NjQwMQ==&mid=2655854279&idx=3&sn=aa489b6d8a23efb2796739dca8197bc1&chksm=66dab15951ad384f33866dac986b9c420a630239aada3cd0deafa7e0fca03b9f4e5a03370656#rd,1667913970,1667914200
虎嗅APP,45,2,2655854279_4,CXO板块回暖，哪些公司值得关注？,http://mp.weixin.qq.com/s?__biz=MTQzMjE1NjQwMQ==&mid=2655854279&idx=4&sn=344eac571c7a6885eab29277b6bf0f71&chksm=66dab15951ad384f047609008ac816f84c8976e2e2bb22f26e531f6be9d60b073720d6cd494a#rd,1667913970,1667914200
虎嗅APP,46,2,2655854258_1,新买的电视，终于不用等就能看了,http://mp.weixin.qq.com/s?__biz=MTQzMjE1NjQwMQ==&mid=2655854258&idx=1&sn=076c5d68457c259bef16593c907fc2c8&chksm=66dab12c51ad383abfbd645fbd8665a0a0149a4823a56cdb0d01e7e54ca8106ff5439349a321#rd,1667899992,1667899992
虎嗅APP,47,2,2655854258_2,别让云倒在最后一公里,http://mp.weixin.qq.com/s?__biz=MTQzMjE1NjQwMQ==&mid=2655854258&idx=2&sn=af8909a83df7c584339c3d2a36c2974c&chksm=66dab12c51ad383af5630ab6ef3c1a0c7c2f81faf68744f77ed07f4176bf760ed28a1ec3324c#rd,1667899992,1667899992
虎嗅APP,48,2,2655854258_3,开网约车的BBA车主们,http://mp.weixin.qq.com/s?__biz=MTQzMjE1NjQwMQ==&mid=2655854258&idx=3&sn=dfd80cb1b21f91c47bd385fbac01c504&chksm=66dab12c51ad383a9ff9dff1b5c579392b1c3af8a5ff4a37320feda4adfb48349791c2627b98#rd,1667899992,1667899992
虎嗅APP,49,2,2655854258_4,工位没床，公司要黄,http://mp.weixin.qq.com/s?__biz=MTQzMjE1NjQwMQ==&mid=2655854258&idx=4&sn=534b0bad26920af26a488a449da679af&chksm=66dab12c51ad383a2b469e261f221c516f89ed39fd3deea89a68f4980e8806341b10a4860ae5#rd,1667899992,1667899992
虎嗅APP,50,2,2655854121_1,罗永浩刘畊宏们入淘，淘宝发起闪电战,http://mp.weixin.qq.com/s?__biz=MTQzMjE1NjQwMQ==&mid=2655854121&idx=1&sn=e971fb619c48d0d392693fdc36fdb03f&chksm=66dab1b751ad38a1172ad75b5afbd1c1ceaeb754254579e99dad6c07ea8b881ad73d55c7a7f2#rd,1667866777,1667866777
虎嗅APP,51,2,2655854121_2,早报 | 消费者称李佳琦直播间产品比官方贵；特斯拉股价跌回一年半前；北京12345回应市民进返京问题,http://mp.weixin.qq.com/s?__biz=MTQzMjE1NjQwMQ==&mid=2655854121&idx=2&sn=2434921b2f0c5714e341ef3f9a3bde73&chksm=66dab1b751ad38a1d9da70268c9df951f93fa67d9a4754c66384af68103aa96f6334916e0652#rd,1667866777,1667866777
虎嗅APP,52,2,2655854121_3,金融校招实录：10个岗位收到上万简历，HR“一个都不想要”,http://mp.weixin.qq.com/s?__biz=MTQzMjE1NjQwMQ==&mid=2655854121&idx=3&sn=ac84910f0b4ed3c55513c44cb362569c&chksm=66dab1b751ad38a1ee27c70e97f076379dc015c5e86d5eca7ee126b13e97afe29d46599bbfb3#rd,1667866777,1667866777
