计算机视觉life,0,0,2247561818_1,汇总教程 | 视觉/激光/多传感器融合SLAM，三维重建等，如何选择适合的技术方案？,http://mp.weixin.qq.com/s?__biz=MzIxOTczOTM4NA==&mid=2247561818&idx=1&sn=5583b2e704894c0d194e1700d2eae371&chksm=97d517cda0a29edba6972515efbf5fd5824bf7be1440564c22cab71c86ebb45cfd0c2ff64283#rd,1668248373,1668268800
计算机视觉life,1,0,2247561818_2,机器人SLAM年度答疑手册发布！会员免费领！,http://mp.weixin.qq.com/s?__biz=MzIxOTczOTM4NA==&mid=2247561818&idx=2&sn=a82db020ada2bcee5250ccf6c261031e&chksm=97d517cda0a29edb7af26afed579b82a611b378352984f5cdd999998f06dee14be5e4b51a38a#rd,1668248373,1668268800
计算机视觉life,2,0,2247561818_3,RGB图像引导下基于轻量ToF传感器的深度估计！ECCV22,http://mp.weixin.qq.com/s?__biz=MzIxOTczOTM4NA==&mid=2247561818&idx=3&sn=313f8582072d51ab3a110c9f99d68ca8&chksm=97d517cda0a29edbfa9c11b7b722666ab535c765346c3cdfebb6284267a455785e5d1b97f5f5#rd,1668248373,1668268800
计算机视觉life,3,0,2247561818_4,最后一天！,http://mp.weixin.qq.com/s?__biz=MzIxOTczOTM4NA==&mid=2247561818&idx=4&sn=322be975aa029dab03950ca9797e79b4&chksm=97d517cda0a29edbb970f83f2fca22a1d73c48ebd7c999f0e51d74963e728ea5739ebd18c904#rd,1668248373,1668268800
计算机视觉life,4,0,2247561809_1,视觉惯性天花板ORB-SLAM3，原理解析、代码详解与改进建议,http://mp.weixin.qq.com/s?__biz=MzIxOTczOTM4NA==&mid=2247561809&idx=1&sn=c66d93ec7d0c9d6bbf741b8832efaf0b&chksm=97d517c6a0a29ed0423168a759dc2fe8ac8404a035f7d332345ff1ddc1c52e6c0074ba8dda61#rd,1668172904,1668182400
计算机视觉life,5,0,2247561809_2,2022最新综述！稀疏数据下的深度图补全（深度学习/非引导/RGB引导）,http://mp.weixin.qq.com/s?__biz=MzIxOTczOTM4NA==&mid=2247561809&idx=2&sn=b58f07f00b6a48ecd2a96b22fad350aa&chksm=97d517c6a0a29ed09eeb3b4da8247c81d5246a3676a8502af4c6788e0048ad5eb96b68fb3ecb#rd,1668172904,1668182400
计算机视觉life,6,0,2247561809_3,MIT最新开源|野外环境下，机器人的风险感知运动规划！,http://mp.weixin.qq.com/s?__biz=MzIxOTczOTM4NA==&mid=2247561809&idx=3&sn=8bba26f3138edc18ea31aeeb31400ad5&chksm=97d517c6a0a29ed006ef0808de2c9ea9a180a951868a5dbafe1c0e822229a27ebd80c5e3f240#rd,1668172904,1668182400
计算机视觉life,7,0,2247561809_4,双11活动说明（即将结束）,http://mp.weixin.qq.com/s?__biz=MzIxOTczOTM4NA==&mid=2247561809&idx=4&sn=a307ddaab9439271204d14807c3a83f9&chksm=97d517c6a0a29ed08a7fae1422b2026a66382e1b45195b8c3f62439f57e904baef04c5f12296#rd,1668172904,1668182400
计算机视觉life,8,0,2247561786_1,今晚7点直播！机器人SLAM学习指南、行业情况、双11抽奖、答疑（文末有惊喜）,http://mp.weixin.qq.com/s?__biz=MzIxOTczOTM4NA==&mid=2247561786&idx=1&sn=b9cbd6a011be65e924eb73456634a8cf&chksm=97d517ada0a29ebb7ee2147ce486ab00951438c40c24c7cc9215648d71a85f8d273967e0399b#rd,1668136930,1668136929
计算机视觉life,9,0,2247561786_2,双11活动说明,http://mp.weixin.qq.com/s?__biz=MzIxOTczOTM4NA==&mid=2247561786&idx=2&sn=44a84f7c34bd4d98abcdfae858a95b91&chksm=97d517ada0a29ebb26c3dd7ec26051bffe77529efb002ce81a03cf9dc304bb5d5cb24b6b25ac#rd,1668136930,1668136929
计算机视觉life,10,0,2247561786_3,2022最新综述！稀疏数据下的深度图补全（深度学习/非引导/RGB引导）,http://mp.weixin.qq.com/s?__biz=MzIxOTczOTM4NA==&mid=2247561786&idx=3&sn=e09a89c4ff8860ab4b4745357b90bcd5&chksm=97d517ada0a29ebb46afb46f898c4feb2d822cc6db3b77ac1177a80a678ae70fb6eb570a9ce0#rd,1668136930,1668136929
计算机视觉life,11,0,2247561786_4,机器人SLAM知识星球答疑手册来啦！总共126页！,http://mp.weixin.qq.com/s?__biz=MzIxOTczOTM4NA==&mid=2247561786&idx=4&sn=b46e5e0e375c124c9e5e41f3dc9cf1dd&chksm=97d517ada0a29ebb9a0416fb951bfb0fc18fc314aae564b445b7421d9428adef839cbc9d2d3d#rd,1668136930,1668136929
计算机视觉life,12,0,2247561727_1,应届硕入职华为一个半月，治好了我的精神内耗,http://mp.weixin.qq.com/s?__biz=MzIxOTczOTM4NA==&mid=2247561727&idx=1&sn=59b47f27835429fef4d620c9e3424e97&chksm=97d51468a0a29d7ebae61052afc702b1ef7ae645d3b8d4399b1d279cee443d3aa8781796b957#rd,1668049708,1668049707
计算机视觉life,13,0,2247561727_2,ORB-SLAM3，视觉惯性SLAM中的战斗机！,http://mp.weixin.qq.com/s?__biz=MzIxOTczOTM4NA==&mid=2247561727&idx=2&sn=0982196006f4456024249c4de94de57a&chksm=97d51468a0a29d7e6a8c322766fe42a1a9708adba53d1749807cb9f62799ca67451a4d2df353#rd,1668049708,1668049707
计算机视觉life,14,0,2247561727_3,开源代码和软件汇总！激光雷达和相机联合标定（2004-2021）,http://mp.weixin.qq.com/s?__biz=MzIxOTczOTM4NA==&mid=2247561727&idx=3&sn=904751fc9c6dcc9dd9583d5870b28775&chksm=97d51468a0a29d7e44934b827f49427945d935cd2ff267587df2c85a911b9515afe349a0dcb8#rd,1668049708,1668049707
计算机视觉life,15,0,2247561727_4,视觉几何三维重建实体课件来啦！,http://mp.weixin.qq.com/s?__biz=MzIxOTczOTM4NA==&mid=2247561727&idx=4&sn=303897378b4e017638ea223c48083f7b&chksm=97d51468a0a29d7e11b0c62f89752b5b129b96e92e8c3068e04405d1831fc673b4b763d09f11#rd,1668049708,1668049707
计算机视觉life,16,0,2247561727_5,双十一更要学习呀！,http://mp.weixin.qq.com/s?__biz=MzIxOTczOTM4NA==&mid=2247561727&idx=5&sn=e351701492631e6e6fbf64d343bfdadd&chksm=97d51468a0a29d7ed4f911f28ca8d85cfbc5642e5972459531910d15f436eedc1467d675ee39#rd,1668049708,1668049707
计算机视觉life,17,0,2247561689_1,《机器人学中的状态估计》读书交流群,http://mp.weixin.qq.com/s?__biz=MzIxOTczOTM4NA==&mid=2247561689&idx=1&sn=82a11070625f1d23cf599b0745086619&chksm=97d5144ea0a29d588ad957f505e4690ffa182ac3d0e969897cc8000093df4f59f5b897db93ab#rd,1667962598,1667962598
计算机视觉life,18,0,2247561689_2,普通科班小硕CV算法岗上岸之路（2023届秋招）,http://mp.weixin.qq.com/s?__biz=MzIxOTczOTM4NA==&mid=2247561689&idx=2&sn=e0cd54725293ecee461fbb764dec6dfe&chksm=97d5144ea0a29d5835ee3078536d14a1f0fc3cfd7ecf11666242578af8dee64257828d851b44#rd,1667962598,1667962598
计算机视觉life,19,0,2247561689_3,基于半监督算法的工业图像缺陷检测方法，霸屏第一！,http://mp.weixin.qq.com/s?__biz=MzIxOTczOTM4NA==&mid=2247561689&idx=3&sn=f36d84add88501718a1a3abc5f1b1869&chksm=97d5144ea0a29d5810f3dd781143d899f69f04f46de1b0949f069a792d9dd6695f153ec30733#rd,1667962598,1667962598
计算机视觉life,20,0,2247561689_4,酷！这美女机器人也太真实了！,http://mp.weixin.qq.com/s?__biz=MzIxOTczOTM4NA==&mid=2247561689&idx=4&sn=82bf077dfd55dd4b6d975f17c2c74e52&chksm=97d5144ea0a29d585376cf5ac282c984fed2fa9ec6b4cc5948ee1a13d11037e746ba8d1e92b7#rd,1667962598,1667962598
计算机视觉life,21,1,2247561626_1,分享5篇自动驾驶分割领域论文（附pdf下载）,http://mp.weixin.qq.com/s?__biz=MzIxOTczOTM4NA==&mid=2247561626&idx=1&sn=2515c1aacec22492e2f642357a93ad4d&chksm=97d5140da0a29d1b79b19dba7a777ecbc46e5786b9d10163cf77377b2930dc7bfcd5e4951918#rd,1667820929,1667876400
计算机视觉life,22,1,2247561626_2,为什么 B 站的弹幕可以不挡人物？,http://mp.weixin.qq.com/s?__biz=MzIxOTczOTM4NA==&mid=2247561626&idx=2&sn=66a897a0d5cd2f928c02abc16626fe27&chksm=97d5140da0a29d1b68476c1f6f92b599919802f6aad94d37e8d6ef8323c7566b60977c3d0348#rd,1667820929,1667876400
计算机视觉life,23,1,2247561626_3,他，创建了中国计算机视觉黄埔军校！,http://mp.weixin.qq.com/s?__biz=MzIxOTczOTM4NA==&mid=2247561626&idx=3&sn=e3a01acfe88691dba10be1785762c8b0&chksm=97d5140da0a29d1bf3bab6bbfbc3e311bd12c909df2fba225b5e020f588a3e7251ae2f91e2ba#rd,1667820929,1667876400
计算机视觉life,24,1,2247561626_4,多传感器融合实体课件来啦！,http://mp.weixin.qq.com/s?__biz=MzIxOTczOTM4NA==&mid=2247561626&idx=4&sn=9a20f1e9c8020aa2fd895e4323a69b9e&chksm=97d5140da0a29d1b58b918d8c2b116849bf0ca258532777dcd1569ab26d8e509491c7e2258ad#rd,1667820929,1667876400
计算机视觉life,25,1,2247561625_1,三行代码完成模型部署，支持云边端几十款AI硬件部署，覆盖CV、NLP、Speech（附源码）,http://mp.weixin.qq.com/s?__biz=MzIxOTczOTM4NA==&mid=2247561625&idx=1&sn=4c2982453d38a4dd694f66af50d133e7&chksm=97d5140ea0a29d180551070a1a0145ae82bd033832e62b812f8cc134fb454df9ccd995e30139#rd,1667820844,1667820843
计算机视觉life,26,1,2247561625_2,一文尽览 | 全景/鱼眼相机低速自动驾驶的近距离感知（识别+重建+定位+工程化）,http://mp.weixin.qq.com/s?__biz=MzIxOTczOTM4NA==&mid=2247561625&idx=2&sn=4717094b229130a11237601a2be6f1c7&chksm=97d5140ea0a29d1802bd52f7c0956ebfec5767f2997b614c4a26833a78834a99e6adffa1e7bd#rd,1667820844,1667820843
计算机视觉life,27,1,2247561625_3,全局路径规划 - RRT算法原理及实现,http://mp.weixin.qq.com/s?__biz=MzIxOTczOTM4NA==&mid=2247561625&idx=3&sn=f451189ebac23561f0faafbe3ed7d468&chksm=97d5140ea0a29d1837eb9260a77603e52b22cbac9a076c07f63d4d23085810cf87fa482e31fc#rd,1667820844,1667820843
计算机视觉life,28,1,2247561625_4,相机标定实体课件来啦！,http://mp.weixin.qq.com/s?__biz=MzIxOTczOTM4NA==&mid=2247561625&idx=4&sn=da23b993fdf578010f91c5c55b2dcdc5&chksm=97d5140ea0a29d18c48c6975dbf031ae9bac7498699ce0597e77e844c76b35a95f7b95e932cf#rd,1667820844,1667820843
计算机视觉life,29,1,2247561520_1,2022届秋招面试心路历程分享：SLAM方向,http://mp.weixin.qq.com/s?__biz=MzIxOTczOTM4NA==&mid=2247561520&idx=1&sn=8c6a558e13e308a312f0b70c5dca51a3&chksm=97d514a7a0a29db19d6ff76e2acd7d2f91bb1c8b83c9181cd200618a17875fabcbbc784c48b5#rd,1667645226,1667664000
计算机视觉life,30,1,2247561520_2,最后24小时！系统搞懂并改进视觉SLAM开源算法,http://mp.weixin.qq.com/s?__biz=MzIxOTczOTM4NA==&mid=2247561520&idx=2&sn=314b5564fca5ad30a98225d637f72195&chksm=97d514a7a0a29db1e9eb1150f9e7dead04b9cba8a9cc29f0e5edd6583d864d9ef4265f5a4771#rd,1667645226,1667664000
计算机视觉life,31,1,2247561520_3,机器人SLAM知识星球答疑手册来啦！总共126页！,http://mp.weixin.qq.com/s?__biz=MzIxOTczOTM4NA==&mid=2247561520&idx=3&sn=80ed85b6fa88eae65afffad2a034eb50&chksm=97d514a7a0a29db182f86d0b880fef8dcfc77f501f859021cd148eda0b9d6a27ffc656b5e6a7#rd,1667645226,1667664000
计算机视觉life,32,1,2247561479_1,今晚7点直播！视觉SLAM经典框架解读、ORB-SLAM123论文带读，抽奖送实体课件！,http://mp.weixin.qq.com/s?__biz=MzIxOTczOTM4NA==&mid=2247561479&idx=1&sn=9fd2c632c809d2489ac88f52ade29db2&chksm=97d51490a0a29d860ab90b4ef6fb00459634ed38e9e8ec54ab121c60682b35bc427d84df7470#rd,1667633096,1667633095
计算机视觉life,33,1,2247561479_2,视觉SLAM经典ORB-SLAM2实体课件来啦！,http://mp.weixin.qq.com/s?__biz=MzIxOTczOTM4NA==&mid=2247561479&idx=2&sn=da6aecc0fa6abcabefbe4ba44f299d38&chksm=97d51490a0a29d86eaa0c5385650ce32bcd049cf816b1a2777103177cb4a2716619e9a29ac70#rd,1667633096,1667633095
计算机视觉life,34,1,2247561479_3,视觉惯性SLAM天花板ORB-SLAM3实体课件来啦！,http://mp.weixin.qq.com/s?__biz=MzIxOTczOTM4NA==&mid=2247561479&idx=3&sn=dcf520edae4a9bb67c8890b6ac5b5ace&chksm=97d51490a0a29d86bde8456531ed8901c0d40c5d3af0c530490a08c7ea3c04dc21e3e59c6cfe#rd,1667633096,1667633095
计算机视觉life,35,1,2247561394_1,如何选择人生第一个offer？,http://mp.weixin.qq.com/s?__biz=MzIxOTczOTM4NA==&mid=2247561394&idx=1&sn=ec942867fe15c983ddcf676463d60d83&chksm=97d51525a0a29c33e776eae66d00e7cb8c93827fb089713a09db05467edc2a2fedbc730ce386#rd,1667533479,1667533478
计算机视觉life,36,1,2247561394_2,2022最新！视觉SLAM综述（多传感器/姿态估计/动态环境/视觉里程计）,http://mp.weixin.qq.com/s?__biz=MzIxOTczOTM4NA==&mid=2247561394&idx=2&sn=fa42e62d5f3a35fef74ab3ec3ff308f7&chksm=97d51525a0a29c332a802742b881e6a78c4e6ccae3edd062b4ae83885a7860421a9239f76e5b#rd,1667533479,1667533478
计算机视觉life,37,1,2247561394_3,整活了！实时三维位姿估计！,http://mp.weixin.qq.com/s?__biz=MzIxOTczOTM4NA==&mid=2247561394&idx=3&sn=eeb4813d2264ee49eed112a78f6c4510&chksm=97d51525a0a29c3366b491769f95df63c3c42b9e8124e6280c1c80f129a34aabf7a7857006f3#rd,1667533479,1667533478
计算机视觉life,38,1,2247561394_4,cvlife.net 双十一学习攻略！,http://mp.weixin.qq.com/s?__biz=MzIxOTczOTM4NA==&mid=2247561394&idx=4&sn=239cde644d30d58f9268cd19820fd1f0&chksm=97d51525a0a29c336852907b9f1e18549fa9a031c336f4a83a56e0485df8ac7ab44e28e958d4#rd,1667533479,1667533478
计算机视觉life,39,2,2247561374_1,秋招，心碎在华为,http://mp.weixin.qq.com/s?__biz=MzIxOTczOTM4NA==&mid=2247561374&idx=1&sn=bf63ec4b7349be8a49405be72412ea48&chksm=97d51509a0a29c1f95d8205713a35dfcc2bb5c5981cbf2a22b2ad8b44fe9df3bec729a0de45e#rd,1667442322,1667442321
计算机视觉life,40,2,2247561374_2,如何系统搞懂并改进视觉SLAM开源算法？,http://mp.weixin.qq.com/s?__biz=MzIxOTczOTM4NA==&mid=2247561374&idx=2&sn=29d8c181300443df2724c9814afa9429&chksm=97d51509a0a29c1f81d7f350f00d0d5e30c345a03720c66d8d1f72b7de03a167eaaa0f13adfb#rd,1667442322,1667442321
计算机视觉life,41,2,2247561374_3,3d激光SLAM：LIO-SAM框架-位姿融合输出,http://mp.weixin.qq.com/s?__biz=MzIxOTczOTM4NA==&mid=2247561374&idx=3&sn=12a323e0a9fe33b5f049e16a644c9775&chksm=97d51509a0a29c1f825421b0840e3bbb1cc39d28ba1580983d436f745b6e454db594c04c83b0#rd,1667442322,1667442321
计算机视觉life,42,2,2247561374_4,克服了局部极小值，用于估计6自由度目标姿态！！,http://mp.weixin.qq.com/s?__biz=MzIxOTczOTM4NA==&mid=2247561374&idx=4&sn=425ca762a483d3fa83242d9717b1dec2&chksm=97d51509a0a29c1faa2ea34ddfa86c6aab5b088f9fe04dbb7534f847faac8654e935f533cc1c#rd,1667442322,1667442321
计算机视觉life,43,2,2247561351_1,如何啃下C++这块难学的硬骨头？,http://mp.weixin.qq.com/s?__biz=MzIxOTczOTM4NA==&mid=2247561351&idx=1&sn=5c28cd66445874ec801bc68f0b8c8ec2&chksm=97d51510a0a29c06317db4d1b09618da0cc74a7f0ddf5cbb05ae77376d677c9972398ea1802f#rd,1667310718,1667347200
计算机视觉life,44,2,2247561351_2,GNSS：自动驾驶定位团队的“保护伞”（上）,http://mp.weixin.qq.com/s?__biz=MzIxOTczOTM4NA==&mid=2247561351&idx=2&sn=dd5d1dc6af19f2ef3e66feb24bd4342b&chksm=97d51510a0a29c06ba77e8d0bc5508b52eea9b15860501f4bca870f205918c8cb169fddc16c4#rd,1667310718,1667347200
计算机视觉life,45,2,2247561351_3,GNSS：自动驾驶定位团队的“保护伞”（下）,http://mp.weixin.qq.com/s?__biz=MzIxOTczOTM4NA==&mid=2247561351&idx=3&sn=1c583698d354452a177ebbb2026a5389&chksm=97d51510a0a29c061163564e46369711b7191f19b3b9d55d96d07d6303079851965e7635869a#rd,1667310718,1667347200
计算机视觉life,46,2,2247561351_4,cvlife.net 双十一课程优惠开启！,http://mp.weixin.qq.com/s?__biz=MzIxOTczOTM4NA==&mid=2247561351&idx=4&sn=2294a3ec9c4dd03f6973675ee3036f65&chksm=97d51510a0a29c065a1a44a4772d731b312c94e435d7bd7bc619467bbbfb199219e64df69334#rd,1667310718,1667347200
计算机视觉life,47,2,2247561270_1,初学者入门难？保姆级视觉SLAM开源算法原理+代码+改进+提升！即将开讲！,http://mp.weixin.qq.com/s?__biz=MzIxOTczOTM4NA==&mid=2247561270&idx=1&sn=586bafefe7e7bfb4e5707812cadd67d2&chksm=97d515a1a0a29cb77da2fb73c5a6a8599f5e8a0b2fd7593f87535c20ac14354640c97754c8d6#rd,1667271249,1667271248
计算机视觉life,48,2,2247561270_2,港口自动驾驶，是伪自动驾驶商用场景吗?,http://mp.weixin.qq.com/s?__biz=MzIxOTczOTM4NA==&mid=2247561270&idx=2&sn=e0f93dcfc91af881e265efaef9c75ff1&chksm=97d515a1a0a29cb732f8b5b93249498cd8f01dd352a8c97672940b5b492c8a9ff6f63e46ee4a#rd,1667271249,1667271248
计算机视觉life,49,2,2247561270_3,中国学者获IROS 2022最佳论文，开发看护机器人仿真环境，还做了真人实验,http://mp.weixin.qq.com/s?__biz=MzIxOTczOTM4NA==&mid=2247561270&idx=3&sn=3ae7475c5f2aa601a06b7e4222850cca&chksm=97d515a1a0a29cb7d644a63968d7d347ddca35cc8474ff42c54cbc3abd76f3d841ef48488288#rd,1667271249,1667271248
计算机视觉life,50,2,2247561270_4,妈妈的味道？机器手炒菜！,http://mp.weixin.qq.com/s?__biz=MzIxOTczOTM4NA==&mid=2247561270&idx=4&sn=8aacc1a47a6cfcd1adf97d49882b5a0a&chksm=97d515a1a0a29cb752455200d28e6e937742930aa768be8632f951e27738a051d1612925e96d#rd,1667271249,1667271248
计算机视觉life,51,2,2247561105_1,这个开源太强了！智能标注10倍速、精准人像分割、3D医疗影像分割！,http://mp.weixin.qq.com/s?__biz=MzIxOTczOTM4NA==&mid=2247561105&idx=1&sn=2b7b7810d0d863f107184cb9bbccc3c1&chksm=97d50a06a0a28310f83c5b05cd0b4e73693be63a713d6a99c86b60f12d9d94e8a95edec31cc5#rd,1667118639,1667185200
计算机视觉life,52,2,2247561105_2,【六哥答疑】SLAM的评估指标都有哪些？,http://mp.weixin.qq.com/s?__biz=MzIxOTczOTM4NA==&mid=2247561105&idx=2&sn=7fb56283ac66e57bd724a97ac68cbf42&chksm=97d50a06a0a28310febbd719bf74e815ccb1d10db31bc15559d2678295c10a3abca84886d07d#rd,1667118639,1667185200
计算机视觉life,53,2,2247561105_3,CVPR 2022  稀疏视角下基于稠密深度先验的神经向量场,http://mp.weixin.qq.com/s?__biz=MzIxOTczOTM4NA==&mid=2247561105&idx=3&sn=4afe0e75dfa62431f455e01794649fc0&chksm=97d50a06a0a283108780f578b188377fe501694be38ba39de6c21d43b8f742e701aa4ba79d70#rd,1667118639,1667185200
计算机视觉life,54,2,2247561105_4,开源！文本变3D动作片，导演要失业？,http://mp.weixin.qq.com/s?__biz=MzIxOTczOTM4NA==&mid=2247561105&idx=4&sn=ec50679ebd6d43cb712957085c6ec6a9&chksm=97d50a06a0a28310ff4fda845c3189adf286a3d53903f5ef38191c607bd2f33d4a8b362bd26e#rd,1667118639,1667185200
计算机视觉life,55,2,2247561104_1,今晚7点直播！三维重建学习心得分享,http://mp.weixin.qq.com/s?__biz=MzIxOTczOTM4NA==&mid=2247561104&idx=1&sn=f7bf3590651652c1fb1059c4084d1bfb&chksm=97d50a07a0a28311478f6cfcbda975068c16d2cb307314e9255dd3143983fdff0e922d8128fd#rd,1667099729,1667099728
计算机视觉life,56,2,2247561104_2,误差降低40%以上，华为诺亚开源单目视觉动作捕捉算法！,http://mp.weixin.qq.com/s?__biz=MzIxOTczOTM4NA==&mid=2247561104&idx=2&sn=3f9e7dba25483d9a300c18f5330ff939&chksm=97d50a07a0a28311e88193f3664608a8f9338acc92f1305db1970d168ed95b71eff11f69e428#rd,1667099729,1667099728
计算机视觉life,57,2,2247561104_3,FlowFormer: Transformer结构光流估计,http://mp.weixin.qq.com/s?__biz=MzIxOTczOTM4NA==&mid=2247561104&idx=3&sn=71deb317c951b4fb934739be42b6c41f&chksm=97d50a07a0a283114248009617a331d66883b1c85aa58d1578f6083f23665ed9b66c4784edad#rd,1667099729,1667099728
